{
    "roc_auc": 0.9798265535814776,
    "average_precision": 0.8500851817059405,
    "confusion_matrix": [
        [
            56790,
            74
        ],
        [
            14,
            84
        ]
    ]
}